{
    "Interval.in_1_hour": {
        "last_close_price": 58939.1,
        "last_hull_value": 59189.679296691414
    },
    "Interval.in_2_hour": {
        "last_close_price": 58936.01,
        "last_hull_value": 58291.920704244825
    },
    "Interval.in_4_hour": {
        "last_close_price": 58934.78,
        "last_hull_value": 57775.73061715796
    },
    "Interval.in_daily": {
        "last_close_price": 58936.0,
        "last_hull_value": 59317.930698498596
    }
}